--
-- PostgreSQL database dump
--

-- Dumped from database version 13.3
-- Dumped by pg_dump version 13.3

SET statement_timeout = 0;
SET lock_timeout = 0;
SET idle_in_transaction_session_timeout = 0;
SET client_encoding = 'UTF8';
SET standard_conforming_strings = on;
SELECT pg_catalog.set_config('search_path', '', false);
SET check_function_bodies = false;
SET xmloption = content;
SET client_min_messages = warning;
SET row_security = off;

SET default_tablespace = '';

SET default_table_access_method = heap;

--
-- Name: chronology; Type: TABLE; Schema: public; Owner: -
--

CREATE TABLE public.chronology (
    person integer NOT NULL,
    fst_lvl_admin_division integer NOT NULL,
    snd_lvl_admin_division integer,
    trd_lvl_admin_division integer,
    service_started integer,
    service_ended integer,
    served_as character varying(255),
    served_at integer,
    id integer NOT NULL
);


--
-- Name: chronology_id_seq; Type: SEQUENCE; Schema: public; Owner: -
--

ALTER TABLE public.chronology ALTER COLUMN id ADD GENERATED BY DEFAULT AS IDENTITY (
    SEQUENCE NAME public.chronology_id_seq
    START WITH 1
    INCREMENT BY 1
    NO MINVALUE
    NO MAXVALUE
    CACHE 1
);


--
-- Name: fst_lvl_admin_division; Type: TABLE; Schema: public; Owner: -
--

CREATE TABLE public.fst_lvl_admin_division (
    id integer NOT NULL,
    name character varying(255) NOT NULL
);


--
-- Name: fst_lvl_admin_division_id_seq; Type: SEQUENCE; Schema: public; Owner: -
--

CREATE SEQUENCE public.fst_lvl_admin_division_id_seq
    AS integer
    START WITH 1
    INCREMENT BY 1
    NO MINVALUE
    NO MAXVALUE
    CACHE 1;


--
-- Name: fst_lvl_admin_division_id_seq; Type: SEQUENCE OWNED BY; Schema: public; Owner: -
--

ALTER SEQUENCE public.fst_lvl_admin_division_id_seq OWNED BY public.fst_lvl_admin_division.id;


--
-- Name: parishes; Type: TABLE; Schema: public; Owner: -
--

CREATE TABLE public.parishes (
    id integer NOT NULL,
    name character varying(255) NOT NULL
);


--
-- Name: parishes_id_seq; Type: SEQUENCE; Schema: public; Owner: -
--

CREATE SEQUENCE public.parishes_id_seq
    AS integer
    START WITH 1
    INCREMENT BY 1
    NO MINVALUE
    NO MAXVALUE
    CACHE 1;


--
-- Name: parishes_id_seq; Type: SEQUENCE OWNED BY; Schema: public; Owner: -
--

ALTER SEQUENCE public.parishes_id_seq OWNED BY public.parishes.id;


--
-- Name: people; Type: TABLE; Schema: public; Owner: -
--

CREATE TABLE public.people (
    first_name character varying(50) NOT NULL,
    last_name character varying(50) NOT NULL,
    year_born integer,
    year_died integer,
    birth_location character varying(255),
    death_location character varying(255),
    burial_location character varying(255),
    year_ordained integer,
    order_affiliation character varying(255),
    studied_at character varying(255),
    studies_started integer,
    studies_ended integer,
    fate text,
    id integer NOT NULL,
    month_born integer,
    day_born integer,
    month_died integer,
    day_died integer,
    joined_ordcon integer,
    notes text,
    reads text,
    source text,
    coordinates point
);


--
-- Name: people_id_seq; Type: SEQUENCE; Schema: public; Owner: -
--

CREATE SEQUENCE public.people_id_seq
    AS integer
    START WITH 1
    INCREMENT BY 1
    NO MINVALUE
    NO MAXVALUE
    CACHE 1;


--
-- Name: people_id_seq; Type: SEQUENCE OWNED BY; Schema: public; Owner: -
--

ALTER SEQUENCE public.people_id_seq OWNED BY public.people.id;


--
-- Name: snd_lvl_admin_division; Type: TABLE; Schema: public; Owner: -
--

CREATE TABLE public.snd_lvl_admin_division (
    id integer NOT NULL,
    fst_lvl_admin_division integer NOT NULL,
    name character varying(255) NOT NULL
);


--
-- Name: snd_lvl_admin_division_id_seq; Type: SEQUENCE; Schema: public; Owner: -
--

CREATE SEQUENCE public.snd_lvl_admin_division_id_seq
    AS integer
    START WITH 1
    INCREMENT BY 1
    NO MINVALUE
    NO MAXVALUE
    CACHE 1;


--
-- Name: snd_lvl_admin_division_id_seq; Type: SEQUENCE OWNED BY; Schema: public; Owner: -
--

ALTER SEQUENCE public.snd_lvl_admin_division_id_seq OWNED BY public.snd_lvl_admin_division.id;


--
-- Name: trd_lvl_admin_division; Type: TABLE; Schema: public; Owner: -
--

CREATE TABLE public.trd_lvl_admin_division (
    id integer NOT NULL,
    snd_lvl_admin_division integer,
    name character varying(255) NOT NULL
);


--
-- Name: trd_lvl_admin_division_id_seq; Type: SEQUENCE; Schema: public; Owner: -
--

CREATE SEQUENCE public.trd_lvl_admin_division_id_seq
    AS integer
    START WITH 1
    INCREMENT BY 1
    NO MINVALUE
    NO MAXVALUE
    CACHE 1;


--
-- Name: trd_lvl_admin_division_id_seq; Type: SEQUENCE OWNED BY; Schema: public; Owner: -
--

ALTER SEQUENCE public.trd_lvl_admin_division_id_seq OWNED BY public.trd_lvl_admin_division.id;


--
-- Name: fst_lvl_admin_division id; Type: DEFAULT; Schema: public; Owner: -
--

ALTER TABLE ONLY public.fst_lvl_admin_division ALTER COLUMN id SET DEFAULT nextval('public.fst_lvl_admin_division_id_seq'::regclass);


--
-- Name: parishes id; Type: DEFAULT; Schema: public; Owner: -
--

ALTER TABLE ONLY public.parishes ALTER COLUMN id SET DEFAULT nextval('public.parishes_id_seq'::regclass);


--
-- Name: people id; Type: DEFAULT; Schema: public; Owner: -
--

ALTER TABLE ONLY public.people ALTER COLUMN id SET DEFAULT nextval('public.people_id_seq'::regclass);


--
-- Name: snd_lvl_admin_division id; Type: DEFAULT; Schema: public; Owner: -
--

ALTER TABLE ONLY public.snd_lvl_admin_division ALTER COLUMN id SET DEFAULT nextval('public.snd_lvl_admin_division_id_seq'::regclass);


--
-- Name: trd_lvl_admin_division id; Type: DEFAULT; Schema: public; Owner: -
--

ALTER TABLE ONLY public.trd_lvl_admin_division ALTER COLUMN id SET DEFAULT nextval('public.trd_lvl_admin_division_id_seq'::regclass);


--
-- Data for Name: chronology; Type: TABLE DATA; Schema: public; Owner: -
--

COPY public.chronology (person, fst_lvl_admin_division, snd_lvl_admin_division, trd_lvl_admin_division, service_started, service_ended, served_as, served_at, id) FROM stdin;
1	6	6	\N	1929	1939	апостольсий администратор восточного обряда	\N	1
1	6	6	\N	1928	1931	апостольсий администратор латинского и восточного обрядов	\N	2
1	5	\N	\N	1915	1916	капелан раненых воинов	\N	3
1	4	\N	\N	1912	1914	\N	1	4
2	1	\N	\N	1814	1820	\N	2	5
2	2	1	\N	1820	1828	Викарий	\N	6
2	2	1	\N	1828	1835	Kurat	\N	7
3	4	\N	\N	1902	1902	\N	3	8
3	7	5	\N	1902	1904	\N	\N	9
4	3	2	\N	1833	1837	\N	2	10
4	2	3	\N	1837	1850	\N	\N	11
4	2	1	\N	1850	1858	Викарий	\N	12
4	2	4	\N	1852	1858	Филиалист	\N	13
5	8	7	\N	\N	\N	\N	3	14
6	8	7	\N	\N	\N	\N	3	15
7	8	7	\N	\N	\N	\N	3	16
8	8	7	\N	\N	\N	\N	3	17
9	8	7	\N	\N	\N	\N	3	18
10	8	7	\N	1866	1898	Настоятель	3	19
10	8	7	\N	1908	1913	Епископ Могилевской Епархии	3	20
11	8	7	\N	\N	\N	Ksiądz	3	21
12	8	7	\N	\N	\N	Ksiądz	3	22
13	8	7	\N	\N	\N	Ksiądz	3	23
14	8	7	\N	\N	\N	Ksiądz	3	24
294	9	9	\N	1862	1866	\N	\N	25
295	9	9	\N	1866	1871	\N	\N	26
296	9	9	\N	1871	1873	\N	\N	27
297	9	9	\N	1874	1889	\N	\N	28
292	10	10	\N	1885	1917	\N	\N	29
293	10	10	\N	1924	1931	\N	\N	30
\.


--
-- Data for Name: fst_lvl_admin_division; Type: TABLE DATA; Schema: public; Owner: -
--

COPY public.fst_lvl_admin_division (id, name) FROM stdin;
1	Могилевская
2	Томская
3	Житомирская
4	город Санкт-Петербург
5	Костромская
6	Маньчжурия
7	Енисейская
8	Смоленская
9	Wołogodzka
10	Kurska
\.


--
-- Data for Name: parishes; Type: TABLE DATA; Schema: public; Owner: -
--

COPY public.parishes (id, name) FROM stdin;
1	św. Katarzyny
2	Монастырь
3	WNMP
\.


--
-- Data for Name: people; Type: TABLE DATA; Schema: public; Owner: -
--

COPY public.people (first_name, last_name, year_born, year_died, birth_location, death_location, burial_location, year_ordained, order_affiliation, studied_at, studies_started, studies_ended, fate, id, month_born, day_born, month_died, day_died, joined_ordcon, notes, reads, source, coordinates) FROM stdin;
Fabian	Abrantowicz	1884	1946	Минская губерния	умер в лагере	\N	1908	\N	Петербургская семинария, Духовная Академия	1906	1910	арестован в 1939 году	1	\N	\N	\N	\N	\N	\N	\N	\N	\N
Remigiusz	Apanasewicz	1790	1868	Минская губерния	\N	\N	1814	Бернардиец	Виленский монастырь бернардинцев	\N	\N	\N	2	\N	\N	\N	\N	\N	\N	\N	\N	\N
Konstanty	Andrekus	1875	1937	Ковенская губерния	\N	\N	1902	\N	Петербургская семинария	\N	\N	арестован в 1933 году	3	\N	\N	\N	\N	\N	\N	\N	\N	\N
Antoni	Ankudowicz	1810	1862	Виленская губерния	\N	\N	1832	\N	Виленская семинария	\N	\N	сослан за контакты с униатами. Под полицейским надзором	4	\N	\N	\N	\N	\N	\N	\N	\N	\N
Josef	Dziemian	1888	1937	\N	\N	\N	\N	\N	\N	\N	\N	\N	78	\N	\N	11	3	\N		\N	\N	\N
Michal	Dziendzik	1866	1918	\N	\N	\N	\N	\N	\N	\N	\N	\N	79	\N	\N	\N	\N	\N	zmarł w roku 1918. lub 1919.	\N	\N	\N
Napoleon	Diakowski	1874	1920	\N	\N	\N	\N	\N	\N	\N	\N	\N	80	9	1	8	\N	\N		\N	\N	\N
Ignacy	Drabczynski	1916	1940	\N	\N	\N	\N	\N	\N	\N	\N	\N	81	\N	\N	5	\N	\N	dokładny miesiąc śmierci niewiadomy	\N	\N	\N
Aleksandr	Dubel	1906	1940	\N	\N	\N	\N	\N	\N	\N	\N	\N	82	12	7	5	\N	\N	dokładny miesiąc śmierci niewiadomy	\N	\N	\N
Bronislaw	Dunin-Wasowicz	1898	1938	\N	\N	\N	\N	\N	\N	\N	\N	\N	83	\N	\N	1	18	\N		\N	\N	\N
Marian	Endruszak	1891	1937	\N	\N	\N	\N	\N	\N	\N	\N	\N	84	\N	\N	9	24	\N		\N	\N	\N
Jan	Zdan	1900	1944	\N	\N	\N	\N	\N	\N	\N	\N	\N	85	\N	\N	9	29	\N		\N	\N	\N
Tomasz	Zebrowski	1877	1950	\N	\N	\N	\N	\N	\N	\N	\N	\N	86	\N	\N	\N	\N	\N		\N	\N	\N
Boleslaw	Zylinski	1894	1939	\N	\N	\N	\N	\N	\N	\N	\N	\N	87	\N	\N	\N	\N	\N		\N	\N	\N
Wladyslaw	Zolnierowicz	1885	1937	\N	\N	\N	\N	\N	\N	\N	\N	\N	88	12	20	10	5	\N		\N	\N	\N
Ignacy	Zolnierowicz	1890	1937	\N	\N	\N	\N	\N	\N	\N	\N	\N	89	\N	\N	8	\N	\N		\N	\N	\N
Antoni	Zukowski	1885	1937	\N	\N	\N	\N	\N	\N	\N	\N	\N	90	\N	\N	10	12	\N		\N	\N	\N
Feliks	Zubuski	1893	1938	\N	\N	\N	\N	\N	\N	\N	\N	\N	91	\N	\N	1	16	\N		\N	\N	\N
Francyszek	Zakszewski	1902	1940	\N	\N	\N	\N	\N	\N	\N	\N	\N	92	2	3	5	\N	\N	dokładny rok narodzenia niewiadomy; możliwie 1900.; dokładny miesiąc śmierci niewiadomy	\N	\N	\N
Wincenty	Zamlynski	1871	1922	\N	\N	\N	\N	\N	\N	\N	\N	\N	93	\N	\N	9	\N	\N		\N	\N	\N
Dionizy	Zacharzewski	1888	1955	\N	\N	\N	\N	\N	\N	\N	\N	\N	94	\N	\N	4	2	\N		\N	\N	\N
Jakub	Zdaniewicz	1870	1938	\N	\N	\N	\N	\N	\N	\N	\N	\N	95	\N	\N	6	\N	\N		\N	\N	\N
Piotr	Zielinski	1863	1931	\N	\N	\N	\N	\N	\N	\N	\N	\N	96	\N	\N	10	18	\N		\N	\N	\N
Stanislaw	Zientara	1886	1939	\N	\N	\N	\N	\N	\N	\N	\N	\N	97	\N	\N	\N	\N	\N	żył po rok 1939.	\N	\N	\N
Jozef	Zmigrodski	1878	1935	\N	\N	\N	\N	\N	\N	\N	\N	\N	98	\N	\N	6	14	\N		\N	\N	\N
Adam	Znamirowski	1910	1941	\N	\N	\N	\N	\N	\N	\N	\N	\N	99	12	12	7	2	\N	urodzony między 1. a 2. lipca	\N	\N	\N
Stanislaw	Zubkowicz	1912	1941	\N	\N	\N	\N	\N	\N	\N	\N	\N	100	\N	\N	6	24	\N		\N	\N	\N
Jan-Leon	Ziolkowski	1889	1940	\N	\N	\N	\N	\N	\N	\N	\N	\N	101	4	4	\N	\N	\N	zmarł wiosną 1940	\N	\N	\N
Jozef	Ibianski	1872	1929	\N	\N	\N	\N	\N	\N	\N	\N	\N	102	\N	\N	\N	\N	\N		\N	\N	\N
Witold	Iwicki	1884	1943	\N	\N	\N	\N	\N	\N	\N	\N	\N	103	5	10	1	22	\N		\N	\N	\N
Czeslaw	Kalinski	1892	1941	\N	\N	\N	\N	\N	\N	\N	\N	\N	104	\N	\N	6	25	\N		\N	\N	\N
Czeslaw	Kaniak	1892	1941	\N	\N	\N	\N	\N	\N	\N	\N	\N	105	9	12	3	24	\N		\N	\N	\N
Emmanuel	Kaplanowski	1872	1937	\N	\N	\N	\N	\N	\N	\N	\N	\N	106	\N	\N	\N	\N	\N		\N	\N	\N
Piotr	Kapusto	1891	1937	\N	\N	\N	\N	\N	\N	\N	\N	\N	107	\N	\N	11	1	\N		\N	\N	\N
Stanislaw	Kardasiewicz	1888	1934	\N	\N	\N	\N	\N	\N	\N	\N	\N	108	\N	\N	11	\N	\N		\N	\N	\N
Jozef	Karpinski	1888	1937	\N	\N	\N	\N	\N	\N	\N	\N	\N	109	\N	\N	11	3	\N		\N	\N	\N
Feliks	Kasperowicz	1895	1950	\N	\N	\N	\N	\N	\N	\N	\N	\N	110	\N	\N	\N	\N	\N		\N	\N	\N
Jozef	Kaspszak	1886	1940	\N	\N	\N	\N	\N	\N	\N	\N	\N	111	\N	\N	5	\N	\N	dokładny miesiąc śmierci niewiadomy; możliwie maj 1940	\N	\N	\N
Jerzy	Kaszyra	1904	1943	\N	\N	\N	\N	\N	\N	\N	\N	\N	112	4	4	2	18	\N		\N	\N	\N
Adolf	Kaszczyc	1888	1938	\N	\N	\N	\N	\N	\N	\N	\N	\N	113	\N	\N	\N	\N	\N		\N	\N	\N
Zygmunt	Kwasniewski	1887	1937	\N	\N	\N	\N	\N	\N	\N	\N	\N	114	3	30	9	25	\N	dokładny rok narodzenia niewiadomy; możliwie 1877	\N	\N	\N
Adolf	Keljus-Dolega	1872	1927	\N	\N	\N	\N	\N	\N	\N	\N	\N	115	\N	\N	1	\N	\N		\N	\N	\N
Wladyslaw	Kisiel	1894	1950	\N	\N	\N	\N	\N	\N	\N	\N	\N	116	\N	\N	6	4	\N		\N	\N	\N
Zygmunt	Klemczynski	1891	1937	\N	\N	\N	\N	\N	\N	\N	\N	\N	117	6	20	7	24	\N		\N	\N	\N
Wladyslaw	Klamm	1874	1920	\N	\N	\N	\N	\N	\N	\N	\N	\N	118	\N	\N	8	6	\N	dokładny dzień śmierci niewiadomy; możliwie 5. sierpnia	\N	\N	\N
Mieczyslaw	Kmita	1886	1939	\N	\N	\N	\N	\N	\N	\N	\N	\N	119	\N	\N	\N	\N	\N		\N	\N	\N
Ryszard	Knobelzdarf	1866	1920	\N	\N	\N	\N	\N	\N	\N	\N	\N	120	\N	\N	8	22	\N		\N	\N	\N
Piotr	Awglo	1861	1937	\N	\N	\N	\N	\N	\N	\N	\N	\N	17	5	11	8	27	\N		\N	\N	\N
Antoni	Aleksandrowicz	1893	1940	\N	\N	\N	\N	\N	\N	\N	\N	\N	18	\N	\N	5	\N	\N		\N	\N	\N
Jozef	Aleksandrowicz	1869	1943	\N	\N	\N	\N	\N	\N	\N	\N	\N	19	\N	\N	6	5	\N	zmarł między 5. a 11. czerwca	\N	\N	\N
Piotr	Andryka	1901	\N	\N	\N	\N	\N	\N	\N	\N	\N	\N	20	4	24	\N	\N	\N		\N	\N	\N
Szymon	Bawarski	1867	1919	\N	\N	\N	\N	\N	\N	\N	\N	\N	21	\N	\N	\N	\N	\N		\N	\N	\N
Antoni	Balut	1899	1941	\N	\N	\N	\N	\N	\N	\N	\N	\N	22	\N	\N	6	28	\N		\N	\N	\N
Karol	Baran	1882	1918	\N	\N	\N	\N	\N	\N	\N	\N	\N	23	\N	\N	\N	\N	\N		\N	\N	\N
Leonard	Baranowski	1875	1930	\N	\N	\N	\N	\N	\N	\N	\N	\N	24	\N	\N	12	12	\N		\N	\N	\N
Josef	Bieniecki	1870	1937	\N	\N	\N	\N	\N	\N	\N	\N	\N	25	\N	\N	12	5	\N		\N	\N	\N
Jan	Bikszys	1870	1918	\N	\N	\N	\N	\N	\N	\N	\N	\N	26	\N	\N	3	10	\N		\N	\N	\N
Pawel	Birnik	1889	1919	\N	\N	\N	\N	\N	\N	\N	\N	\N	27	4	30	\N	\N	\N		\N	\N	\N
Tadeusz	Blicharski	1886	1951	\N	\N	\N	\N	\N	\N	\N	\N	\N	28	\N	\N	\N	\N	\N		\N	\N	\N
Karol	Bogucki	1868	1942	\N	\N	\N	\N	\N	\N	\N	\N	\N	29	\N	\N	2	11	\N		\N	\N	\N
Stanislaw	Borecki	1891	1938	\N	\N	\N	\N	\N	\N	\N	\N	\N	30	\N	\N	1	13	\N		\N	\N	\N
Jan	Borowik	1877	1937	\N	\N	\N	\N	\N	\N	\N	\N	\N	31	\N	\N	7	28	\N		\N	\N	\N
Jan	Borysiuk	1888	1953	\N	\N	\N	\N	\N	\N	\N	\N	\N	32	\N	\N	\N	\N	\N		\N	\N	\N
Marcin	Bosak	1889	1941	\N	\N	\N	\N	\N	\N	\N	\N	\N	33	\N	\N	6	\N	\N		\N	\N	\N
Mateusz	Brynczak	1864	1936	\N	\N	\N	\N	\N	\N	\N	\N	\N	34	\N	\N	\N	\N	\N		\N	\N	\N
Franciszek	Budzinski	1891	1937	\N	\N	\N	\N	\N	\N	\N	\N	\N	35	\N	\N	10	9	\N		\N	\N	\N
Konstantyn	Budkiewicz	1867	1923	\N	\N	\N	\N	\N	\N	\N	\N	\N	36	6	19	4	1	\N	zmarł między 31. marca a 1. kwietnia	\N	\N	\N
Michail	Buzycki	1864	1937	\N	\N	\N	\N	\N	\N	\N	\N	\N	37	\N	\N	12	6	\N	urodzony w roku 1862. lub 1864	\N	\N	\N
Leon	Bujnowski	1891	1943	\N	\N	\N	\N	\N	\N	\N	\N	\N	38	6	16	7	13	\N		\N	\N	\N
Kaliskt	Butyniec	1889	1920	\N	\N	\N	\N	\N	\N	\N	\N	\N	39	\N	\N	\N	\N	\N	zmarł w roku 1920. lub 1921	\N	\N	\N
Cyryl	Bujalski	1887	1919	\N	\N	\N	\N	\N	\N	\N	\N	\N	40	\N	\N	3	14	\N	urodzony 13. lub 14. marca	\N	\N	\N
Wiktor	Walentynowicz	1870	1933	\N	\N	\N	\N	\N	\N	\N	\N	\N	41	\N	\N	\N	\N	\N		\N	\N	\N
Antoni	Wasilewski	1868	1929	\N	\N	\N	\N	\N	\N	\N	\N	\N	42	9	13	10	\N	\N		\N	\N	\N
Jan	Wasilewski	1885	1948	\N	\N	\N	\N	\N	\N	\N	\N	\N	43	6	15	3	9	\N	zmarł 9. lub 10. marca	\N	\N	\N
Piotr	Wyszynski	1896	1950	\N	\N	\N	\N	\N	\N	\N	\N	\N	44	\N	\N	\N	\N	\N	urodzony w roku 1896. lub 1895	\N	\N	\N
Jan	Weber	1878	1919	\N	\N	\N	\N	\N	\N	\N	\N	\N	45	\N	\N	1	29	\N		\N	\N	\N
Antoni	Wegedis	1867	1937	\N	\N	\N	\N	\N	\N	\N	\N	\N	46	\N	\N	\N	\N	\N		\N	\N	\N
Pawel	Wielik	1872	1942	\N	\N	\N	\N	\N	\N	\N	\N	\N	47	3	27	3	12	\N		\N	\N	\N
Aleksander	Wierzbicki	1883	1935	\N	\N	\N	\N	\N	\N	\N	\N	\N	48	\N	\N	\N	\N	\N		\N	\N	\N
Andrzej	Wierzbicki	1876	1930	\N	\N	\N	\N	\N	\N	\N	\N	\N	49	\N	\N	\N	\N	\N	dokładny rok śmierci niewiadomy	\N	\N	\N
Jozef	Wierzbicki	1887	1937	\N	\N	\N	\N	\N	\N	\N	\N	\N	50	\N	\N	9	13	\N		\N	\N	\N
Jozef	Werycho	\N	1933	\N	\N	\N	\N	\N	\N	\N	\N	\N	51	\N	\N	5	5	\N		\N	\N	\N
Jozef	Wieczorek	1899	1941	\N	\N	\N	\N	\N	\N	\N	\N	\N	52	\N	\N	6	26	\N		\N	\N	\N
Stanislaw	Wladyka	1880	1941	\N	\N	\N	\N	\N	\N	\N	\N	\N	53	\N	\N	6	\N	\N	dokładny miesiąc śmierci niewiadomy	\N	\N	\N
Piotr	Wojno-Aranski	1904	1944	\N	\N	\N	\N	\N	\N	\N	\N	\N	54	\N	\N	\N	\N	\N		\N	\N	\N
Czeslaw	Wojtyniak	1889	1940	\N	\N	\N	\N	\N	\N	\N	\N	\N	55	11	8	6	\N	\N	dokładny miesiąc śmierci niewiadomy	\N	\N	\N
Edward	Wojciechowicz	1884	1935	\N	\N	\N	\N	\N	\N	\N	\N	\N	56	1	22	2	\N	\N	dokładny miesiąc śmierci niewiadomy	\N	\N	\N
Jerzy	Brazidlo	1905	1940	\N	\N	\N	\N	\N	\N	\N	\N	\N	57	\N	\N	6	\N	\N	dokładny miesiąc śmierci niewiadomy	\N	\N	\N
Ludwik	Wrodarczyk	1907	1943	\N	\N	\N	\N	\N	\N	\N	\N	\N	58	8	25	12	6	\N		\N	\N	\N
Aleksandr	Gajduk	1874	1920	\N	\N	\N	\N	\N	\N	\N	\N	\N	59	\N	\N	\N	\N	\N		\N	\N	\N
Dominik	Gajlusz	1887	1951	\N	\N	\N	\N	\N	\N	\N	\N	\N	60	\N	\N	\N	\N	\N		\N	\N	\N
Karol	Galedzowski	1879	1950	\N	\N	\N	\N	\N	\N	\N	\N	\N	61	\N	\N	\N	\N	\N		\N	\N	\N
Stanislaw	Galecki	1895	1941	\N	\N	\N	\N	\N	\N	\N	\N	\N	62	\N	\N	6	1	\N		\N	\N	\N
Bronislaw	Galecki	1884	1941	\N	\N	\N	\N	\N	\N	\N	\N	\N	63	\N	\N	6	24	\N		\N	\N	\N
Stanislaw	Ganski	1880	1937	\N	\N	\N	\N	\N	\N	\N	\N	\N	64	\N	\N	12	8	\N		\N	\N	\N
Jan	Gach	1893	1939	\N	\N	\N	\N	\N	\N	\N	\N	\N	65	\N	\N	9	19	\N		\N	\N	\N
Piotr	Gaca	1897	1942	\N	\N	\N	\N	\N	\N	\N	\N	\N	66	2	18	10	4	\N		\N	\N	\N
Leonard	Gaszynski	1867	1937	\N	\N	\N	\N	\N	\N	\N	\N	\N	67	\N	\N	10	12	\N		\N	\N	\N
Jan	Henewiski	1873	1942	\N	\N	\N	\N	\N	\N	\N	\N	\N	68	5	13	\N	\N	\N	zmarł do roku 1942.	\N	\N	\N
Marceli	Grzegorczyk	1888	1920	\N	\N	\N	\N	\N	\N	\N	\N	\N	69	10	6	8	22	\N		\N	\N	\N
Henrik	Hlebowicz	1904	1941	\N	\N	\N	\N	\N	\N	\N	\N	\N	70	6	1	11	9	\N		\N	\N	\N
Jan	Goj	1898	1950	\N	\N	\N	\N	\N	\N	\N	\N	\N	71	\N	\N	\N	\N	\N		\N	\N	\N
Walerian	Goljak	1881	1948	\N	\N	\N	\N	\N	\N	\N	\N	\N	72	\N	\N	\N	\N	\N		\N	\N	\N
Franciszek	Grabowski	1873	1921	\N	\N	\N	\N	\N	\N	\N	\N	\N	73	\N	\N	2	4	\N		\N	\N	\N
Wasyly	Gryniewicz	1886	1931	\N	\N	\N	\N	\N	\N	\N	\N	\N	74	\N	\N	\N	\N	\N		\N	\N	\N
Adam	Gromadowski	1912	1941	\N	\N	\N	\N	\N	\N	\N	\N	\N	75	\N	\N	6	\N	\N		\N	\N	\N
Wladyslaw	Dworzecki	1874	1917	\N	\N	\N	\N	\N	\N	\N	\N	\N	76	\N	\N	\N	\N	\N	żył po rok 1917.	\N	\N	\N
Stefan	Demurow	1871	1938	\N	\N	\N	\N	\N	\N	\N	\N	\N	77	\N	\N	2	23	\N	zmarł między 23. a 24. lutego	\N	\N	\N
Adolf	Lassotowicz	1871	\N	\N	Smoleńsk	Smolensk. Cmentarz przy Kosciole	\N	\N	\N	\N	\N	\N	6	\N	\N	\N	\N	\N	\N	\N	\N	(54.772947,32.055122)
Joann	Liniewicz	1838	1890	\N	Smoleńsk	Smolensk. Cmentarz przy Kosciole	\N	\N	\N	\N	\N	\N	5	\N	\N	2	9	\N	\N	\N	\N	(54.772947,32.055121)
Chrizogon	Przemocki	1863	1930	\N	Smoleńsk	Smolensk. Cmentarz przy Kosciole	\N		\N	\N	\N	\N	13	\N	\N	9	10	\N	\N	\N	\N	(54.772947,32.05513)
Ferdinand	Stulginski	1816	1892	\N	Smoleńsk	Smolensk. Cmentarz przy Kosciole	\N		\N	\N	\N	\N	14	\N	\N	2	11	\N	\N	\N	\N	(54.772947,32.055131)
Andrzej	Krzyzanowski	\N	\N	\N	Smoleńsk	Smolensk. Cmentarz przy Kosciole	\N	SP	\N	\N	\N	\N	12	\N	\N	\N	\N	\N	\N	\N	\N	(54.772947,32.055129)
Michal	Terajewicz	1817	1895	\N	Smoleńsk	Smolensk. Cmentarz przy Kosciole	\N	SP	\N	\N	\N	\N	11	\N	\N	9	30	\N	\N	\N	\N	(54.772947,32.055128)
Stefan	Dieniesewicz	1816	1913	\N	Smoleńsk	Smolensk. Cmentarz przy Kosciole	\N	SP	\N	\N	\N	\N	10	\N	\N	\N	\N	\N	\N	\N	\N	(54.772947,32.055128)
Filipp	Iwanowski	1802	1855	\N	Smoleńsk	Smolensk. Cmentarz przy Kosciole	\N	\N	\N	\N	\N	\N	9	\N	\N	2	14	\N	\N	\N	\N	(54.772947,32.055125)
Joann	Ignatowicz	1797	1868	\N	Smoleńsk	Smolensk. Cmentarz przy Kosciole	\N	\N	\N	\N	\N	\N	8	\N	\N	9	5	\N	\N	\N	\N	(54.772947,32.055124)
Ludwig	Pogosskij	1814	1890	\N	Smoleńsk	Smolensk. Cmentarz przy Kosciole	\N	\N	\N	\N	\N	\N	7	\N	\N	2	14	\N	\N	\N	\N	(54.772947,32.055123)
Jan	Kniukszta	1857	1920	\N	\N	\N	\N	\N	\N	\N	\N	\N	121	\N	\N	\N	\N	\N	dokładny rok śmierci niewiadomy; możliwie 1919	\N	\N	\N
Wojciech	Kobec	1873	1930	\N	\N	\N	\N	\N	\N	\N	\N	\N	122	\N	\N	\N	\N	\N		\N	\N	\N
Adolf	Kowalski	1888	1920	\N	\N	\N	\N	\N	\N	\N	\N	\N	123	\N	\N	\N	\N	\N		\N	\N	\N
Jozef	Kowalski	1898	1937	\N	\N	\N	\N	\N	\N	\N	\N	\N	124	\N	\N	11	3	\N		\N	\N	\N
Jozef	Kowalczuk	1894	1955	\N	\N	\N	\N	\N	\N	\N	\N	\N	125	\N	\N	\N	\N	\N		\N	\N	\N
Franciszek	Kolomyjski	1870	1920	\N	\N	\N	\N	\N	\N	\N	\N	\N	126	3	9	\N	\N	\N		\N	\N	\N
Kazimierz	Konopka	1879	1941	\N	\N	\N	\N	\N	\N	\N	\N	\N	127	9	10	6	26	\N		\N	\N	\N
Stanislaw	Kontek	1904	1940	\N	\N	\N	\N	\N	\N	\N	\N	\N	128	\N	\N	5	\N	\N	dokładny miesiąc śmierci niewiadomy; możliwie maj 1940	\N	\N	\N
Aleksandr	Korneliuk	1909	1940	\N	\N	\N	\N	\N	\N	\N	\N	\N	129	\N	\N	\N	\N	\N		\N	\N	\N
Boleslaw	Korn	1867	1940	\N	\N	\N	\N	\N	\N	\N	\N	\N	130	\N	\N	\N	\N	\N		\N	\N	\N
Jan	Kotowicki	1898	1943	\N	\N	\N	\N	\N	\N	\N	\N	\N	131	\N	\N	7	11	\N		\N	\N	\N
Adolf	Krzywicki	1887	1942	\N	\N	\N	\N	\N	\N	\N	\N	\N	132	5	15	11	9	\N		\N	\N	\N
Kazimierz	Krzywicki	1885	1933	\N	\N	\N	\N	\N	\N	\N	\N	\N	133	\N	\N	4	7	\N		\N	\N	\N
Zygmunt	Krzyzanowski	1873	1922	\N	\N	\N	\N	\N	\N	\N	\N	\N	134	\N	\N	\N	\N	\N		\N	\N	\N
Jan	Krukowski	1876	1949	\N	\N	\N	\N	\N	\N	\N	\N	\N	135	\N	\N	\N	\N	\N		\N	\N	\N
Eugeniusz	Krulikowski	1875	1935	\N	\N	\N	\N	\N	\N	\N	\N	\N	136	\N	\N	\N	\N	\N		\N	\N	\N
Juzef	Krol	1906	1944	\N	\N	\N	\N	\N	\N	\N	\N	\N	137	\N	\N	\N	\N	\N		\N	\N	\N
Juzef	Kruszynski	1865	1940	\N	\N	\N	\N	\N	\N	\N	\N	\N	138	\N	\N	7	31	\N		\N	\N	\N
Feliks	Krygelski	1888	1920	\N	\N	\N	\N	\N	\N	\N	\N	\N	139	\N	\N	\N	\N	\N		\N	\N	\N
Jan	Krynski	1861	1939	\N	\N	\N	\N	\N	\N	\N	\N	\N	140	\N	\N	\N	\N	\N	dokładna data śmierci niewiadoma; możliwie jesień	\N	\N	\N
Franciszek	Kuksiewicz	1887	1941	\N	\N	\N	\N	\N	\N	\N	\N	\N	141	\N	\N	6	22	\N		\N	\N	\N
Eugeniusz	Kulesza	1891	1941	\N	\N	\N	\N	\N	\N	\N	\N	\N	142	\N	\N	6	\N	\N		\N	\N	\N
Wladyslaw	Kunda	1887	1937	\N	\N	\N	\N	\N	\N	\N	\N	\N	143	4	13	8	31	\N		\N	\N	\N
Stanislaw	Kurek	1908	1940	\N	\N	\N	\N	\N	\N	\N	\N	\N	144	\N	\N	\N	\N	\N		\N	\N	\N
Antoni	Kurowski	1886	1938	\N	\N	\N	\N	\N	\N	\N	\N	\N	145	\N	\N	2	15	\N		\N	\N	\N
Aleksandr	Kuczynski	1868	1938	\N	\N	\N	\N	\N	\N	\N	\N	\N	146	\N	\N	1	3	\N	dokładny rok narodzenia niewiadomy; możliwie 1862.	\N	\N	\N
Czeslaw	Lapinski	1891	1948	\N	\N	\N	\N	\N	\N	\N	\N	\N	147	1	13	2	14	\N		\N	\N	\N
Antoni	Leszczewicz	1890	1943	\N	\N	\N	\N	\N	\N	\N	\N	\N	148	\N	\N	2	17	\N		\N	\N	\N
Boleslaw	Lisiewski	1845	1919	\N	\N	\N	\N	\N	\N	\N	\N	\N	149	\N	\N	\N	\N	\N		\N	\N	\N
Franciszek	Longawa	1872	1941	\N	\N	\N	\N	\N	\N	\N	\N	\N	150	10	6	6	2	\N	dokładny dzień śmierci niewiadomy; możliwie 1. czerwca	\N	\N	\N
Wincenty	Lotarewicz	1886	1919	\N	\N	\N	\N	\N	\N	\N	\N	\N	151	4	22	\N	\N	\N		\N	\N	\N
Jan	Lukasz	1891	1937	\N	\N	\N	\N	\N	\N	\N	\N	\N	152	\N	\N	12	8	\N		\N	\N	\N
Feliks	Lubczynski	1886	1931	\N	\N	\N	\N	\N	\N	\N	\N	\N	153	\N	\N	11	17	\N		\N	\N	\N
Piotr	Madera	1889	1937	\N	\N	\N	\N	\N	\N	\N	\N	\N	154	\N	\N	12	8	\N		\N	\N	\N
Kazimierz	Mazur	1887	1920	\N	\N	\N	\N	\N	\N	\N	\N	\N	155	\N	\N	\N	\N	\N	dokładny rok narodzenia niewiadomy; możliwie 1889.	\N	\N	\N
Wincenty	Mazurkiewicz	1911	1941	\N	\N	\N	\N	\N	\N	\N	\N	\N	156	11	4	6	21	\N		\N	\N	\N
Adam	Malaczynski	1865	1920	\N	\N	\N	\N	\N	\N	\N	\N	\N	157	\N	\N	8	19	\N		\N	\N	\N
Antoni	Malecki	1861	1935	\N	\N	\N	\N	\N	\N	\N	\N	\N	158	\N	\N	1	17	\N		\N	\N	\N
Mieczyslaw	Marcon	1906	1940	\N	\N	\N	\N	\N	\N	\N	\N	\N	159	\N	\N	5	\N	\N		\N	\N	\N
Albin	Markuszewski	1877	1938	\N	\N	\N	\N	\N	\N	\N	\N	\N	160	3	1	2	5	\N		\N	\N	\N
Franciszek	Marcinkowski	1909	1941	\N	\N	\N	\N	\N	\N	\N	\N	\N	161	\N	\N	\N	\N	\N		\N	\N	\N
Roman	Masiewicz	1887	1943	\N	\N	\N	\N	\N	\N	\N	\N	\N	162	\N	\N	\N	\N	\N		\N	\N	\N
Antoni	Matuszewicz	1886	1936	\N	\N	\N	\N	\N	\N	\N	\N	\N	163	\N	\N	5	10	\N		\N	\N	\N
Stanislaw	Matyszczak	1909	1941	\N	\N	\N	\N	\N	\N	\N	\N	\N	164	\N	\N	6	28	\N		\N	\N	\N
Jan	Maciejowski	1897	1929	\N	\N	\N	\N	\N	\N	\N	\N	\N	165	\N	\N	\N	\N	\N		\N	\N	\N
Nifont	Medwedew	1882	1941	\N	\N	\N	\N	\N	\N	\N	\N	\N	166	\N	\N	6	22	\N		\N	\N	\N
Wladyslaw	Mirzwinski	1880	1937	\N	\N	\N	\N	\N	\N	\N	\N	\N	167	\N	\N	\N	\N	\N		\N	\N	\N
Jozef	Mikuszewski	1910	1940	\N	\N	\N	\N	\N	\N	\N	\N	\N	168	\N	\N	5	\N	\N		\N	\N	\N
Jozef	Mioduszewski	1880	1937	\N	\N	\N	\N	\N	\N	\N	\N	\N	169	\N	\N	12	8	\N	dokładny rok narodzenia niewiadomy; możliwie 1872.	\N	\N	\N
Jan	Mioduszewski	1908	1940	\N	\N	\N	\N	\N	\N	\N	\N	\N	170	4	6	5	\N	\N		\N	\N	\N
Stanislaw	Misiuta	1909	1941	\N	\N	\N	\N	\N	\N	\N	\N	\N	171	8	17	6	1	\N	dokładny dzień śmierci niewiadomy; możliwie 2. czerwca	\N	\N	\N
Wiktor	Mozejko	1897	1939	\N	\N	\N	\N	\N	\N	\N	\N	\N	172	4	24	9	25	\N		\N	\N	\N
Jan	Moroz	1886	1952	\N	\N	\N	\N	\N	\N	\N	\N	\N	173	\N	\N	\N	\N	\N		\N	\N	\N
Andrzej	Niwa	1900	1940	\N	\N	\N	\N	\N	\N	\N	\N	\N	174	11	26	5	\N	\N		\N	\N	\N
Edmund	Nowak	1891	1940	\N	\N	\N	\N	\N	\N	\N	\N	\N	175	12	13	5	\N	\N		\N	\N	\N
Wincenty	Nurkowski	1891	1953	\N	\N	\N	\N	\N	\N	\N	\N	\N	176	\N	\N	\N	\N	\N	dokładny rok narodzenia niewiadomy; możliwie 1894.; dokładny rok śmierci niewiadomy; możliwie 1954.	\N	\N	\N
Adolf	Olodziewski	1887	1941	\N	\N	\N	\N	\N	\N	\N	\N	\N	177	\N	\N	6	25	\N		\N	\N	\N
Wladyslaw	Onoszko	1902	1941	\N	\N	\N	\N	\N	\N	\N	\N	\N	178	12	22	6	24	\N		\N	\N	\N
Ignacy	Opolski	1885	1937	\N	\N	\N	\N	\N	\N	\N	\N	\N	179	\N	\N	12	8	\N		\N	\N	\N
Wlodzimierz	Ochwab	1900	1940	\N	\N	\N	\N	\N	\N	\N	\N	\N	180	\N	\N	5	\N	\N		\N	\N	\N
Jozef	Panas	1897	1940	\N	\N	\N	\N	\N	\N	\N	\N	\N	181	11	25	\N	\N	\N		\N	\N	\N
Witold	Paszkiewicz	1882	1940	\N	\N	\N	\N	\N	\N	\N	\N	\N	182	\N	\N	7	1	\N		\N	\N	\N
Ryszard	Paszko	1878	1940	\N	\N	\N	\N	\N	\N	\N	\N	\N	183	\N	\N	5	\N	\N		\N	\N	\N
Stanislaw	Pedzich	1857	1920	\N	\N	\N	\N	\N	\N	\N	\N	\N	184	\N	\N	8	22	\N		\N	\N	\N
Lusjan	Pereswiet-Soltan	1906	1951	\N	\N	\N	\N	\N	\N	\N	\N	\N	185	5	5	1	23	\N		\N	\N	\N
Eugeniusz	Perkowicz	1875	1938	\N	\N	\N	\N	\N	\N	\N	\N	\N	186	\N	\N	9	22	\N		\N	\N	\N
Adolf	Pietkiewicz	1871	1933	\N	\N	\N	\N	\N	\N	\N	\N	\N	187	\N	\N	9	26	\N		\N	\N	\N
Wiktor	Pietkiewicz	1870	1939	\N	\N	\N	\N	\N	\N	\N	\N	\N	188	1	30	11	1	\N	dokładny dzień śmierci niewiadomy; możliwie 30 października	\N	\N	\N
Jozef	Pietkiewicz	1892	1937	\N	\N	\N	\N	\N	\N	\N	\N	\N	189	\N	\N	9	2	\N	dokładna data śmierci niewiadoma	\N	\N	\N
Stanislaw	Pietkiewicz	1889	1940	\N	\N	\N	\N	\N	\N	\N	\N	\N	190	\N	\N	\N	\N	\N		\N	\N	\N
Leon	Piotrowski	1878	1937	\N	\N	\N	\N	\N	\N	\N	\N	\N	191	\N	\N	11	1	\N		\N	\N	\N
Antoni	Pirug	\N	1941	\N	\N	\N	\N	\N	\N	\N	\N	\N	192	\N	\N	6	27	\N		\N	\N	\N
Jan	Potocki	1888	1940	\N	\N	\N	\N	\N	\N	\N	\N	\N	193	\N	\N	5	\N	\N		\N	\N	\N
Stanislaw	Prasol	1910	1941	\N	\N	\N	\N	\N	\N	\N	\N	\N	194	\N	\N	6	22	\N	dokładna data śmierci niewiadoma	\N	\N	\N
Adam	Puczkar-Chmielewski	1891	1938	\N	\N	\N	\N	\N	\N	\N	\N	\N	196	\N	\N	9	1	\N		\N	\N	\N
Franciszek	Piasecki	1874	1931	\N	\N	\N	\N	\N	\N	\N	\N	\N	197	\N	\N	3	17	\N		\N	\N	\N
Jozef	Radwanski	1891	1941	\N	\N	\N	\N	\N	\N	\N	\N	\N	198	3	10	1	24	\N		\N	\N	\N
Stefan	Radkiewicz	\N	1942	\N	\N	\N	\N	\N	\N	\N	\N	\N	199	\N	\N	4	28	\N		\N	\N	\N
Stanislaw	Rajko	1873	1937	\N	\N	\N	\N	\N	\N	\N	\N	\N	200	\N	\N	8	27	\N		\N	\N	\N
Jozef	Raczewski	1903	1939	\N	\N	\N	\N	\N	\N	\N	\N	\N	201	\N	\N	\N	\N	\N		\N	\N	\N
Waclaw	Rodzko	1888	1940	\N	\N	\N	\N	\N	\N	\N	\N	\N	202	\N	\N	6	22	\N		\N	\N	\N
Boleslaw	Roszkiewicz	1884	1937	\N	\N	\N	\N	\N	\N	\N	\N	\N	203	\N	\N	5	\N	\N		\N	\N	\N
Maksimilian	Rulinski	1899	1951	\N	\N	\N	\N	\N	\N	\N	\N	\N	204	\N	\N	5	5	\N	dokładna data śmierci niewiadoma	\N	\N	\N
Franciszek	Rutkowski	1882	1941	\N	\N	\N	\N	\N	\N	\N	\N	\N	205	\N	\N	6	22	\N		\N	\N	\N
Andrzej	Rybaltowski	1875	1937	\N	\N	\N	\N	\N	\N	\N	\N	\N	206	11	21	\N	\N	\N		\N	\N	\N
Teodor	Ryllo	1889	1944	\N	\N	\N	\N	\N	\N	\N	\N	\N	207	\N	\N	\N	\N	\N		\N	\N	\N
Eugeniusz	Swiatopolk-Mirski	1876	1918	\N	\N	\N	\N	\N	\N	\N	\N	\N	208	\N	\N	3	28	\N		\N	\N	\N
Kazimierz	Swinicki	1874	1938	\N	\N	\N	\N	\N	\N	\N	\N	\N	209	\N	\N	10	26	\N		\N	\N	\N
Mariusz	Skibniewski	1881	1939	\N	\N	\N	\N	\N	\N	\N	\N	\N	210	4	20	9	27	\N		\N	\N	\N
Jozef	Skorel	1893	1939	\N	\N	\N	\N	\N	\N	\N	\N	\N	211	6	1	12	25	\N		\N	\N	\N
Karol	Sliwowski	1855	1933	\N	\N	\N	\N	\N	\N	\N	\N	\N	212	6	29	1	5	\N		\N	\N	\N
Stanislaw	Slowinski	1898	1938	\N	\N	\N	\N	\N	\N	\N	\N	\N	213	\N	\N	1	5	\N		\N	\N	\N
Adolf	Slotwinski	1883	1937	\N	\N	\N	\N	\N	\N	\N	\N	\N	214	3	18	11	4	\N		\N	\N	\N
Serafim	Sobanski	1872	1930	\N	\N	\N	\N	\N	\N	\N	\N	\N	215	\N	\N	\N	\N	\N		\N	\N	\N
Boleslaw	Spierski	1871	1951	\N	\N	\N	\N	\N	\N	\N	\N	\N	216	\N	\N	\N	\N	\N		\N	\N	\N
Jan	Spyrlak	1895	1941	\N	\N	\N	\N	\N	\N	\N	\N	\N	217	12	7	7	2	\N	dokładny dzień narodzenia niewiadomy; możliwie 1. lipca	\N	\N	\N
Franciszek	Stanko	1903	1941	\N	\N	\N	\N	\N	\N	\N	\N	\N	218	\N	\N	6	29	\N		\N	\N	\N
Jozef	Stoklosa	1909	1941	\N	\N	\N	\N	\N	\N	\N	\N	\N	219	\N	\N	1	15	\N	dokładna data śmierci niewiadoma	\N	\N	\N
Jozef	Stroncinski	1868	1938	\N	\N	\N	\N	\N	\N	\N	\N	\N	220	\N	\N	1	18	\N		\N	\N	\N
Mikolaj	Strusiewicz	1885	1938	\N	\N	\N	\N	\N	\N	\N	\N	\N	221	9	10	1	18	\N		\N	\N	\N
Kazimierz	Suchczynski	1882	1940	\N	\N	\N	\N	\N	\N	\N	\N	\N	222	11	8	5	\N	\N		\N	\N	\N
Edward	Tabaczkowski	1872	1941	\N	\N	\N	\N	\N	\N	\N	\N	\N	223	\N	\N	\N	\N	\N	dokładna data śmierci niewiadoma; początek 1941. roku	\N	\N	\N
Mikolaj	Tapper	1913	1945	\N	\N	\N	\N	\N	\N	\N	\N	\N	224	\N	\N	4	5	\N	dokładna data śmierci niewiadoma	\N	\N	\N
Antoni	Twarowski	1903	1939	\N	\N	\N	\N	\N	\N	\N	\N	\N	225	\N	\N	\N	\N	\N		\N	\N	\N
Tadeusz	Teliga	1880	1940	\N	\N	\N	\N	\N	\N	\N	\N	\N	226	\N	\N	2	23	\N	dokładna data śmierci niewiadoma	\N	\N	\N
Wiktor	Terenkiewicz	1907	1951	\N	\N	\N	\N	\N	\N	\N	\N	\N	227	\N	\N	4	13	\N		\N	\N	\N
Marian	Tokarzewski	1873	1941	\N	\N	\N	\N	\N	\N	\N	\N	\N	228	\N	\N	\N	\N	\N		\N	\N	\N
Antoni	Traczynski	1893	1937	\N	\N	\N	\N	\N	\N	\N	\N	\N	229	\N	\N	11	9	\N		\N	\N	\N
Jan	Trojgo	1881	1932	\N	\N	\N	\N	\N	\N	\N	\N	\N	230	12	12	8	11	\N		\N	\N	\N
Stanislaw	Trojanowski	1910	1945	\N	\N	\N	\N	\N	\N	\N	\N	\N	231	\N	\N	10	18	\N		\N	\N	\N
Stanislaw	Tuborowski	1909	1940	\N	\N	\N	\N	\N	\N	\N	\N	\N	232	\N	\N	5	\N	\N	dokładna data śmierci niewiadoma	\N	\N	\N
Maksymilian	Turowski	1886	1937	\N	\N	\N	\N	\N	\N	\N	\N	\N	233	\N	\N	12	8	\N		\N	\N	\N
Jan	Tutinas	1897	1941	\N	\N	\N	\N	\N	\N	\N	\N	\N	234	\N	\N	\N	\N	\N		\N	\N	\N
Wladyslaw	Tchurzewski	1909	1939	\N	\N	\N	\N	\N	\N	\N	\N	\N	235	10	12	\N	\N	\N	dokładna data śmierci niewiadoma; zmarł jesienią	\N	\N	\N
Wladyslaw	Urban	1891	1940	\N	\N	\N	\N	\N	\N	\N	\N	\N	236	2	9	5	\N	\N	dokładna data śmierci niewiadoma; możliwie w maju	\N	\N	\N
Mikolaj	Uroda	1883	1942	\N	\N	\N	\N	\N	\N	\N	\N	\N	237	\N	\N	7	11	\N		\N	\N	\N
Bronislaw	Fiedorowicz	1901	1939	\N	\N	\N	\N	\N	\N	\N	\N	\N	238	10	3	9	17	\N	dokładna data śmierci niewiadoma	\N	\N	\N
Andrzej	Fiedukowicz	1875	1925	\N	\N	\N	\N	\N	\N	\N	\N	\N	239	\N	\N	3	4	\N		\N	\N	\N
Antoni	Chabrowski	1909	1941	\N	\N	\N	\N	\N	\N	\N	\N	\N	240	1	25	1	9	\N		\N	\N	\N
Boleslaw	Harczuk	1913	1941	\N	\N	\N	\N	\N	\N	\N	\N	\N	241	\N	\N	6	26	\N		\N	\N	\N
Romuald	Chlopiecki	1875	1939	\N	\N	\N	\N	\N	\N	\N	\N	\N	242	\N	\N	\N	\N	\N	dokładna data śmierci niewiadoma; zmarł jesienią	\N	\N	\N
Zygmund	Chmielewski	1891	1944	\N	\N	\N	\N	\N	\N	\N	\N	\N	243	11	11	\N	16	\N	dokładny dzień śmierci niewiadomy; możliwie 17. niewiadomego miesięca	\N	\N	\N
Jozef	Chmurowicz	1899	1940	\N	\N	\N	\N	\N	\N	\N	\N	\N	244	\N	\N	\N	\N	\N	dokładna data śmierci niewiadoma; zmarł w końcu roku 1940.	\N	\N	\N
Antoni	Cholynski	\N	1942	\N	\N	\N	\N	\N	\N	\N	\N	\N	245	\N	\N	\N	\N	\N		\N	\N	\N
Edward	Choma	1889	1940	\N	\N	\N	\N	\N	\N	\N	\N	\N	246	12	26	5	\N	\N	dokładna data śmierci niewiadoma	\N	\N	\N
Jan	Chudy	1906	1941	\N	\N	\N	\N	\N	\N	\N	\N	\N	247	6	1	6	\N	\N		\N	\N	\N
Michail	Cakul	1885	1937	\N	\N	\N	\N	\N	\N	\N	\N	\N	248	\N	\N	5	3	\N	dokładna data śmierci niewiadoma	\N	\N	\N
Wiktor	Cebrowski	\N	1944	\N	\N	\N	\N	\N	\N	\N	\N	\N	249	\N	\N	1	10	\N		\N	\N	\N
Michail	Cerepento	1888	1938	\N	\N	\N	\N	\N	\N	\N	\N	\N	250	3	8	1	18	\N		\N	\N	\N
Stanislaw	Cybulewicz	1862	1937	\N	\N	\N	\N	\N	\N	\N	\N	\N	251	\N	\N	10	18	\N		\N	\N	\N
Julian	Cimaszkiewicz	1890	1941	\N	\N	\N	\N	\N	\N	\N	\N	\N	252	\N	\N	6	26	\N		\N	\N	\N
Jan	Ciołkowski	1889	1940	\N	\N	\N	\N	\N	\N	\N	\N	\N	253	\N	\N	5	\N	\N	dokładna data śmierci niewiadoma	\N	\N	\N
Jan	Ciompała	1906	1941	\N	\N	\N	\N	\N	\N	\N	\N	\N	254	\N	\N	6	\N	\N		\N	\N	\N
Mikołaj	Cichowicz	1895	1940	\N	\N	\N	\N	\N	\N	\N	\N	\N	255	12	6	5	\N	\N	dokładna data śmierci niewiadoma	\N	\N	\N
Stanislaw	Cudnik	1894	1941	\N	\N	\N	\N	\N	\N	\N	\N	\N	256	9	13	\N	\N	\N	dokładna data śmierci niewiadoma; zmarł wiosną	\N	\N	\N
Józef	Czemeralda	1903	1940	\N	\N	\N	\N	\N	\N	\N	\N	\N	257	12	20	5	\N	\N	dokładna data śmierci niewiadoma	\N	\N	\N
Antoni	Czerwiński	1881	1938	\N	\N	\N	\N	\N	\N	\N	\N	\N	258	10	8	1	26	\N		\N	\N	\N
Feliks	Ciesła	1907	1939	\N	\N	\N	\N	\N	\N	\N	\N	\N	259	6	25	9	\N	\N		\N	\N	\N
Alfons	Czyżewski	1897	1954	\N	\N	\N	\N	\N	\N	\N	\N	\N	260	4	28	\N	\N	\N	zmarł w początku r. 1954.	\N	\N	\N
Franciszek	Czyrski	1882	1937	\N	\N	\N	\N	\N	\N	\N	\N	\N	261	4	6	\N	\N	\N		\N	\N	\N
Józef	Czurko	1906	1941	\N	\N	\N	\N	\N	\N	\N	\N	\N	262	7	7	6	24	\N		\N	\N	\N
Jósef	Szady	1914	1941	\N	\N	\N	\N	\N	\N	\N	\N	\N	263	3	22	7	\N	\N		\N	\N	\N
Stanisław	Szamo	1913	1944	\N	\N	\N	\N	\N	\N	\N	\N	\N	264	\N	\N	\N	\N	\N		\N	\N	\N
Albin	Szaciłło	1887	1937	\N	\N	\N	\N	\N	\N	\N	\N	\N	265	\N	\N	11	3	\N		\N	\N	\N
Marceli	Szwaras	1872	1920	\N	\N	\N	\N	\N	\N	\N	\N	\N	266	\N	\N	\N	\N	\N	dokładna data śmierci niewiadoma; początek lat 1920-ch	\N	\N	\N
Bronisław	Szwed	1895	1940	\N	\N	\N	\N	\N	\N	\N	\N	\N	267	\N	\N	5	\N	\N	dokładna data śmierci niewiadoma; możliwie maj 1940	\N	\N	\N
Jan	Szewczyk	1908	1941	\N	\N	\N	\N	\N	\N	\N	\N	\N	268	\N	\N	6	22	\N	dokładna data śmierci niewiadoma; zmarł do 22. czerwca r. 1941.	\N	\N	\N
Teofil	Szeptycki	1871	1918	\N	\N	\N	\N	\N	\N	\N	\N	\N	269	\N	\N	\N	\N	\N	dokładna data śmierci niewiadoma; możliwie r. 1918.	\N	\N	\N
Jan	Szyller	1914	1941	\N	\N	\N	\N	\N	\N	\N	\N	\N	270	\N	\N	6	26	\N		\N	\N	\N
Wacław	Szymański	1879	1937	\N	\N	\N	\N	\N	\N	\N	\N	\N	271	\N	\N	12	8	\N		\N	\N	\N
Ryszard	Szyszko-Bohusz	1881	1937	\N	\N	\N	\N	\N	\N	\N	\N	\N	272	\N	\N	12	8	\N		\N	\N	\N
Władysław	Szpaczyński	1887	1940	\N	\N	\N	\N	\N	\N	\N	\N	\N	273	\N	\N	10	31	\N		\N	\N	\N
Ignacy	Szukiel	1877	1935	\N	\N	\N	\N	\N	\N	\N	\N	\N	274	\N	\N	\N	\N	\N		\N	\N	\N
Stanisław	Szulborski	1857	1920	\N	\N	\N	\N	\N	\N	\N	\N	\N	275	\N	\N	8	21	\N		\N	\N	\N
Stanisław	Szulmiński	1894	1941	\N	\N	\N	\N	\N	\N	\N	\N	\N	276	\N	\N	11	27	\N		\N	\N	\N
Marian	Szumowski	1895	1941	\N	\N	\N	\N	\N	\N	\N	\N	\N	277	6	16	6	22	\N		\N	\N	\N
Fabian	Szczerbicki	1888	1940	\N	\N	\N	\N	\N	\N	\N	\N	\N	278	\N	\N	\N	\N	\N	dokładna data śmierci niewiadoma; możliwie r. 1940.	\N	\N	\N
Piotr	Szczupieł	1908	1941	\N	\N	\N	\N	\N	\N	\N	\N	\N	279	\N	\N	6	29	\N		\N	\N	\N
Stanisław	Eliasz	1904	1941	\N	\N	\N	\N	\N	\N	\N	\N	\N	280	\N	\N	6	\N	\N		\N	\N	\N
Bołeslaw	Jurewicz	1887	1937	\N	\N	\N	\N	\N	\N	\N	\N	\N	281	\N	\N	11	3	\N		\N	\N	\N
Franciszek	Jabłonowski	1864	1934	\N	\N	\N	\N	\N	\N	\N	\N	\N	282	\N	\N	\N	\N	\N		\N	\N	\N
Jerzy	Jagłasz	1909	1941	\N	\N	\N	\N	\N	\N	\N	\N	\N	283	\N	\N	1	16	\N		\N	\N	\N
Mieczysław	Janas	1904	1940	\N	\N	\N	\N	\N	\N	\N	\N	\N	284	\N	\N	5	\N	\N	dokładna data śmierci niewiadoma; możliwie maj 1940	\N	\N	\N
Piotr	Janukowicz	1863	1937	\N	\N	\N	\N	\N	\N	\N	\N	\N	285	10	18	8	27	\N		\N	\N	\N
Antoni	Jarmułowicz	1897	1937	\N	\N	\N	\N	\N	\N	\N	\N	\N	286	\N	\N	11	3	\N		\N	\N	\N
Adolf	Jarosewicz	1887	1944	\N	\N	\N	\N	\N	\N	\N	\N	\N	287	\N	\N	\N	\N	\N		\N	\N	\N
Albin	Jaroszewicz	1879	1946	\N	\N	\N	\N	\N	\N	\N	\N	\N	288	\N	\N	7	18	\N		\N	\N	\N
Stanisław	Jaroszewicz	1889	1938	\N	\N	\N	\N	\N	\N	\N	\N	\N	289	\N	\N	\N	\N	\N		\N	\N	\N
Ksawery	Jasiński	1868	1919	\N	\N	\N	\N	\N	\N	\N	\N	\N	290	\N	\N	\N	\N	\N		\N	\N	\N
Stanisław	Jachniewicz	1888	1937	\N	\N	\N	\N	\N	\N	\N	\N	\N	291	4	24	11	27	\N		\N	\N	\N
Aleksandr	Pritułło	\N	1937	chótor  Koszóbo wołość Romanowska, Sokólka, Gubernja Grodnieńska	Białoruś	\N	\N	\N	\N	\N	\N	Aresztowany 05.06.1937 w Łogojsku, rozstrzelany 27.08.1937	293	\N	\N	8	27	\N		\N	https://catholic-kursk.ru/o-nas/istoriya-prixoda-2/	\N
Georgij	Matuzza	\N	1917	\N	\N	Kursk. Cmentarz przy Kościole	\N	\N	\N	\N	\N	\N	292	\N	\N	\N	\N	\N		\N	https://catholic-kursk.ru/o-nas/istoriya-prixoda-2/	(51.73208200584238,36.18760816071868)
J.	Wołodkiewicz	\N	\N	\N	\N	\N	\N	\N	\N	\N	\N	\N	294	\N	\N	\N	\N	\N		1) С.Козлов. Вологда. // Католическая энциклопедия. — М: Изд-во Францисканцев, 2002. Т.I. А-З. Стлб.1076-1077. 2) Станислав Козлов-Струтинский, Павел Парфентьев. История Католической Церкви в России. — СПб.: Белый камень, 2014. 3) Василий (фон Бурман), ЧСВ, диак. Леонид Фёдоров. Жизнь и деятельность. — Рим: Студион, 1966. 4) Материалы КАУ ВО «Государственный архив Вологодской области».	Вологодские католики - Исторические сведения о Вологодских католиках (volcath.ru)	\N
Józef	Kowalewski	\N	\N	\N	\N	\N	\N	\N	\N	\N	\N	\N	295	\N	\N	\N	\N	\N		1) С.Козлов. Вологда. // Католическая энциклопедия. — М: Изд-во Францисканцев, 2002. Т.I. А-З. Стлб.1076-1077. 2) Станислав Козлов-Струтинский, Павел Парфентьев. История Католической Церкви в России. — СПб.: Белый камень, 2014. 3) Василий (фон Бурман), ЧСВ, диак. Леонид Фёдоров. Жизнь и деятельность. — Рим: Студион, 1966. 4) Материалы КАУ ВО «Государственный архив Вологодской области».	Вологодские католики - Исторические сведения о Вологодских католиках (volcath.ru)	\N
Michał	Ruczyński	\N	\N	\N	\N	\N	\N	\N	\N	\N	\N	\N	296	\N	\N	\N	\N	\N		1) С.Козлов. Вологда. // Католическая энциклопедия. — М: Изд-во Францисканцев, 2002. Т.I. А-З. Стлб.1076-1077. 2) Станислав Козлов-Струтинский, Павел Парфентьев. История Католической Церкви в России. — СПб.: Белый камень, 2014. 3) Василий (фон Бурман), ЧСВ, диак. Леонид Фёдоров. Жизнь и деятельность. — Рим: Студион, 1966. 4) Материалы КАУ ВО «Государственный архив Вологодской области».	Вологодские католики - Исторические сведения о Вологодских католиках (volcath.ru)	\N
Tit	Krasowski	\N	\N	\N	\N	\N	\N	\N	\N	\N	\N	\N	297	\N	\N	\N	\N	\N		1) С.Козлов. Вологда. // Католическая энциклопедия. — М: Изд-во Францисканцев, 2002. Т.I. А-З. Стлб.1076-1077. 2) Станислав Козлов-Струтинский, Павел Парфентьев. История Католической Церкви в России. — СПб.: Белый камень, 2014. 3) Василий (фон Бурман), ЧСВ, диак. Леонид Фёдоров. Жизнь и деятельность. — Рим: Студион, 1966. 4) Материалы КАУ ВО «Государственный архив Вологодской области».	Вологодские католики - Исторические сведения о Вологодских католиках (volcath.ru)	\N
\.


--
-- Data for Name: snd_lvl_admin_division; Type: TABLE DATA; Schema: public; Owner: -
--

COPY public.snd_lvl_admin_division (id, fst_lvl_admin_division, name) FROM stdin;
1	2	Томск
2	3	Брусилов
3	2	Кузнецк
4	2	Тобольск
5	7	Красноярск
6	6	Харбин
7	8	Смоленск
9	9	Wołogda
10	10	Kursk
\.


--
-- Data for Name: trd_lvl_admin_division; Type: TABLE DATA; Schema: public; Owner: -
--

COPY public.trd_lvl_admin_division (id, snd_lvl_admin_division, name) FROM stdin;
\.


--
-- Name: chronology_id_seq; Type: SEQUENCE SET; Schema: public; Owner: -
--

SELECT pg_catalog.setval('public.chronology_id_seq', 30, true);


--
-- Name: fst_lvl_admin_division_id_seq; Type: SEQUENCE SET; Schema: public; Owner: -
--

SELECT pg_catalog.setval('public.fst_lvl_admin_division_id_seq', 10, true);


--
-- Name: parishes_id_seq; Type: SEQUENCE SET; Schema: public; Owner: -
--

SELECT pg_catalog.setval('public.parishes_id_seq', 3, true);


--
-- Name: people_id_seq; Type: SEQUENCE SET; Schema: public; Owner: -
--

SELECT pg_catalog.setval('public.people_id_seq', 297, true);


--
-- Name: snd_lvl_admin_division_id_seq; Type: SEQUENCE SET; Schema: public; Owner: -
--

SELECT pg_catalog.setval('public.snd_lvl_admin_division_id_seq', 10, true);


--
-- Name: trd_lvl_admin_division_id_seq; Type: SEQUENCE SET; Schema: public; Owner: -
--

SELECT pg_catalog.setval('public.trd_lvl_admin_division_id_seq', 1, false);


--
-- Name: fst_lvl_admin_division fst_lvl_admin_division_pk; Type: CONSTRAINT; Schema: public; Owner: -
--

ALTER TABLE ONLY public.fst_lvl_admin_division
    ADD CONSTRAINT fst_lvl_admin_division_pk PRIMARY KEY (id);


--
-- Name: parishes parishes_pk; Type: CONSTRAINT; Schema: public; Owner: -
--

ALTER TABLE ONLY public.parishes
    ADD CONSTRAINT parishes_pk PRIMARY KEY (id);


--
-- Name: people people_pkey; Type: CONSTRAINT; Schema: public; Owner: -
--

ALTER TABLE ONLY public.people
    ADD CONSTRAINT people_pkey PRIMARY KEY (id);


--
-- Name: snd_lvl_admin_division snd_lvl_admin_division_pk; Type: CONSTRAINT; Schema: public; Owner: -
--

ALTER TABLE ONLY public.snd_lvl_admin_division
    ADD CONSTRAINT snd_lvl_admin_division_pk PRIMARY KEY (id);


--
-- Name: trd_lvl_admin_division trd_lvl_admin_division_pk; Type: CONSTRAINT; Schema: public; Owner: -
--

ALTER TABLE ONLY public.trd_lvl_admin_division
    ADD CONSTRAINT trd_lvl_admin_division_pk PRIMARY KEY (id);


--
-- Name: fst_lvl_admin_division_id_uindex; Type: INDEX; Schema: public; Owner: -
--

CREATE UNIQUE INDEX fst_lvl_admin_division_id_uindex ON public.fst_lvl_admin_division USING btree (id);


--
-- Name: parishes_id_uindex; Type: INDEX; Schema: public; Owner: -
--

CREATE UNIQUE INDEX parishes_id_uindex ON public.parishes USING btree (id);


--
-- Name: snd_lvl_admin_division_id_uindex; Type: INDEX; Schema: public; Owner: -
--

CREATE UNIQUE INDEX snd_lvl_admin_division_id_uindex ON public.snd_lvl_admin_division USING btree (id);


--
-- Name: trd_lvl_admin_division_id_uindex; Type: INDEX; Schema: public; Owner: -
--

CREATE UNIQUE INDEX trd_lvl_admin_division_id_uindex ON public.trd_lvl_admin_division USING btree (id);


--
-- Name: chronology locations_fst_lvl_admin_division_id_fk; Type: FK CONSTRAINT; Schema: public; Owner: -
--

ALTER TABLE ONLY public.chronology
    ADD CONSTRAINT locations_fst_lvl_admin_division_id_fk FOREIGN KEY (fst_lvl_admin_division) REFERENCES public.fst_lvl_admin_division(id);


--
-- Name: chronology locations_parishes_id_fk; Type: FK CONSTRAINT; Schema: public; Owner: -
--

ALTER TABLE ONLY public.chronology
    ADD CONSTRAINT locations_parishes_id_fk FOREIGN KEY (served_at) REFERENCES public.parishes(id);


--
-- Name: chronology locations_people_id_fk; Type: FK CONSTRAINT; Schema: public; Owner: -
--

ALTER TABLE ONLY public.chronology
    ADD CONSTRAINT locations_people_id_fk FOREIGN KEY (person) REFERENCES public.people(id);


--
-- Name: chronology locations_snd_lvl_admin_division_id_fk; Type: FK CONSTRAINT; Schema: public; Owner: -
--

ALTER TABLE ONLY public.chronology
    ADD CONSTRAINT locations_snd_lvl_admin_division_id_fk FOREIGN KEY (snd_lvl_admin_division) REFERENCES public.snd_lvl_admin_division(id);


--
-- Name: chronology locations_trd_lvl_admin_division_id_fk; Type: FK CONSTRAINT; Schema: public; Owner: -
--

ALTER TABLE ONLY public.chronology
    ADD CONSTRAINT locations_trd_lvl_admin_division_id_fk FOREIGN KEY (trd_lvl_admin_division) REFERENCES public.trd_lvl_admin_division(id);


--
-- Name: snd_lvl_admin_division snd_lvl_admin_division_fst_lvl_admin_division_id_fk; Type: FK CONSTRAINT; Schema: public; Owner: -
--

ALTER TABLE ONLY public.snd_lvl_admin_division
    ADD CONSTRAINT snd_lvl_admin_division_fst_lvl_admin_division_id_fk FOREIGN KEY (fst_lvl_admin_division) REFERENCES public.fst_lvl_admin_division(id);


--
-- Name: trd_lvl_admin_division trd_lvl_admin_division_snd_lvl_admin_division_id_fk; Type: FK CONSTRAINT; Schema: public; Owner: -
--

ALTER TABLE ONLY public.trd_lvl_admin_division
    ADD CONSTRAINT trd_lvl_admin_division_snd_lvl_admin_division_id_fk FOREIGN KEY (snd_lvl_admin_division) REFERENCES public.snd_lvl_admin_division(id);


--
-- PostgreSQL database dump complete
--

